"nameCompany","streetAddress","postalCode","addressLocality","column2"
"Bionahkauf","Oelsnitzer Str. 44A","08626","Adorf",
"H&z Naturkost","Geraer Str. 12","07907","Schleiz",
"Biomarkt Schwarzenberg","Str. Der Einheit 115","08340","Schwarzenberg",
"Naturmarkt Dr. Engelmann","Marienstr. 72","08056","Zwickau",
"Biomarkt Claudia Bochmann","Hauptstr. 47","09221","Neukirchen / Adorf",
"Bio-Markt Jena","Zwätzengasse 15","07743","Jena",
"Biolino Naturmarkt Chemnitz","Oberfrohnaer str. 43","09117","Chemnitz",
"Biomarkt Knackfrisch","Zschopauer str. 279","09126","Chemnitz",
"Biomarkt Knackfrisch","Weststr. 49","09112","Chemnitz",
"Naturkost Sonnenblume","Franz-Mehring-str. 8","09112","Chemnitz",
"BioMarkt","Limbacher Str. 19","09232","Hartmannsdorf",
"BioMarkt","Garnsdorfer Str. 20","09244","Lichtenau",
"Naturkostservice Lichtenau","Garnsdorfer Str. 20 / Ortsteil Ottendorf","09244","Lichtenau",
"Biomarkt Vorwerk Podemus","Korngasse 5","09599","Freiberg",
"Bioladen In Pirna's","Rottwerndorfer str. 12","01796","Pirna",
"Biomarkt Vorwerk Podemus Hofmarkt","Podemuser Ring 1","01156","Dresden - Podemus",
"Biomarkt Vorwerk Podemus","Wiener Platz 4","01069","Dresden",
"BioMarkt","Werkstättenstr. 2","01157","Dresden",
"Vorwerk Podemus Biomarkt","Winterbergstr. 31","01277","Dresden Gruna",
"BioMarkt","Körnerstr. 41","04107","Leipzig",
"Biomarkt Vorwerk Podemus","Alttolkewitz 26","01279","Dresden",
"Bio-Sphäre Naturkost Dresden GmbH","Alaunstr. 8","01099","Dresden",
"BioMarkt","Hüblerstr. 3","01309","Dresden",
"Bio-Sphäre Naturkost Dresden GmbH","Königsbrücker str. 76","01099","Dresden",
"Biomarkt Vorwerk Podemus","Hans-Oster-Str. 2 / Ecke Tannenstraße","01099","Dresden Neustadt",
"Biomarkt Vorwerk Podemus Stadtmarkt","Meißner Str. 79","01445","Radebeul",
"Bauer´s Bioladen","Hauptstr. 30","04821","Brandis",
"Naturkaufeck","Lutherstr. 8","01662","Meißen",
"Biomarkt Vorwerk Podemus","Zur Neuen Brücke 4A","01109","Dresden",
"Biowelt","An Der Ziegelei (Ekz) 2","01454","Radeberg",
"Biomarkt","Stephanusstraße 12","06114","Halle/Saale",
"Bio Markt Naturata Halle","Trothaerstr. 14","06118","Halle",
"Biola - Naturkost*reformhaus*holzspielzeug","Steinstr. 49","04838","Eilenburg",
"BioMarkt","Lindenstr. 4","02763","Zittau",
"Biomarkt Vorwerk Podemus","Töpferstr. 39","02625","Bautzen",
"BioMarkt","Pommritz 1","02627","Hochkirch",
"BioMarkt","Eduardstr. 20","06844","Dessau",
"Lebensquell-Biomarkt","Hegelallee 23","14467","Potsdam",
"BioMarkt","Goerzallee","12207","Lichterfelde",
"Siebenkorn-Naturwaren","Schützenstr. 9","12165","Berlin",
"BioMarkt","Lauterstraße 12-13","12159","Berlin",
"Bioinsel Naturkost","Leberstr. 2","10829","Berlin",
"Landverte","Joachim-Friedrich-str. 17","10711","Berlin-Wilmersdorf",
"BioMarkt","Motzstr.","10777","Berlin",
"Speisekammer","Motzstr. / Ecke Kalchreuth","10777","Berlin",
"BioMarkt","Warschauer Str. 63","10245","Berlin",
"Biomarkt","Wiclefstr.12/Ecke Oldenburger","10551","Berlin",
"BioMarkt","Boxhagener str. 103","10245","Berlin",
"BioMarkt","Schönhauser Allee 10-11","10119","Berlin",
"BioMarkt","Greifswalder str. 31","10405","Berlin",
"BioMarkt","Bernauer str. 50","10435","Berlin",
"BioMarkt","Schliemannstr. 48","10437","Berlin",
"BioMarkt","Schönhauser Allee Arcaden","10439","Berlin",
"BioMarkt","Oraniendamm 44","13469","Berlin",
"Zaubernuss Naturkost","Walter-Friedrich-str. 10a","13125","Berlin",
"Lindenhof - Ihr Lieferdienst Für Berlin & Umgebung","Dorfstr. 26","16845","Rohrlack",
"Biomarkt Karo","Lübecker Str. 34","19053","Schwerin",
"Biomarkt","Lübecker Straße 34","19034","Schwerin",
"BioMarkt","Kröpeliner Tor Center","18055","Rostock",
"Bio-Insel Stralsund","Tribseer Damm 75","18437","Stralsund",
"BioMarkt","Bahnhofstr. 1","29549","Bad Bevensen",
"Biomarkt Sonnenseite","Lüneburger str. 19","29549","Bad Bevensen",
"Aleco Verden","Hamburger Str. 56","27283","Verden",
"Bauckhof OHG","Triangel 6","21385","Amelinghausen",
"Aleco Syke","Herrlichkeit 10","28857","Syke",
"BioMarkt","Neu Häcklingen 1","21335","Lüneburg",
"Aleco Rotenburg","Verdener str. 4","27356","Rotenburg",
"Die Kruke","Bahnhofstr. 2","21376","Salzhausen",
"Biomarkt Vitalis","Vor Dem Bardowicker Tore 35","21339","Lüneburg",
"Ökomarkt Elbetal","Fritz Von Dem Berge str. 1b","21354","Bleckede",
"Aleco Sottrum","Vogteistr. 2","27367","Sottrum",
"Aleco Ottersberg","Grüne Str. 19","28870","Ottersberg",
"Aleco Bremen Kirchweg","Kirchweg 204","28199","Bremen",
"Aleco Bremen Bismarckstr.","Bismarckstr. 14","28203","Bremen",
"Aleco Bremen Rockwinkeler","Rockwinkeler Heerstr. 172","28355","Bremen",
"Aleco Bremen Wätjenstr.","Wätjenstr. 146","28213","Bremen",
"Aleco Bremen Admiralstr.","Admiralstr. 14","28215","Bremen",
"Aleco Delmenhorst","Hannah-Arendt-str. 3","27753","Delmenhorst",
"Aleco Lilienthal","Falkenberger Landstr. 42","28865","Lilienthal",
"Aleco Buchholz","Hamburger str. 8","21244","Buchholz",
"Aleco Bremen-Lesum","Hindenburgstr. 36","28717","Bremen",
"Aleco Zeven","Auf Dem Quabben 2","27404","Zeven",
"Aleco Osterholz-Scharmbeck","Marktplatz 1","27711","Osterholz-Scharmbeck",
"Belindas Bioladen","Neugrabener Markt 1","21149","Hamburg",
"Tjaden´s Bio Frischemarkt","Bahnhofstr. 40","21629","Neu Wulmstorf",
"Naturkost Am Hafen","Am Hafen 1","21614","Buxtehude",
"Tjaden´s Bio Frischemarkt","Alter Steinweg 13","20459","Hamburg",
"Tjaden´s Bio Frischemarkt","Friedensallee 275","22763","Hamburg",
"Tjaden´s Bio Frischemarkt","Fruchtallee 136","20259","Hamburg",
"Tjaden´s Bio Frischemarkt","Gertigstr. 28","22303","Hamburg",
"Blankeneser Naturkost","Hasenhöhe 6","22587","Hamburg",
"Tjaden´s Bio Frischemarkt","Rahlstedter Bahnhofstr. 27-29","22143","Hamburg",
"Tjaden´s Bio Frischemarkt","Martinistr. 13","20251","Hamburg",
"BioMarkt","Sülldorfer Kirchenweg 237","22589","Hamburg-Sülldorf",
"Tjaden´s Bio Frischemarkt","Bramfelder Chaussee 347","22175","Hamburg",
"Biomarkt Wedel","Bahnhofstr. 26","22880","Wedel",
"Tjaden´s Bio Frischemarkt","Paul-Sorge-str. 4a","22459","Hamburg",
"Biomarkt Grünkern","Hamburger Str. 1","22926","Ahrensburg",
"BioMarkt","Stockhausstr.. 8","21682","Stade",
"BioMarkt","Heisfelder Str. 162","26789","Leer",
"Natural-Naturkost","Riedweg 15","26789","Leer",
"Aleco Bremerhaven","Langener Landstr. 28","27580","Bremerhaven",
"BioMarkt","Bademutterstr. 4/4a","23966","Wismar",
"BioMarkt","Werner-Kock-Str. 6","23554","Lübeck",
"Naturkost-Paradies Eschenhof","Dösemoor 58","21734","Oederquart",
"Naturkostmarkt Itzheoe","Dithmarscher Platz 4","25524","Itzehoe",
"BioMarkt","Industrieweg 28","25588","Oldendorf",
"Dit & Dat","Am Markt 12","23730","Neustadt In Holstein",
"Aleco Cuxhaven","Schillerstr. 4","27472","Cuxhaven",
"Bio-Supermarkt Trockenbrodt","Altonaer Str. 3","24534","Neumünster",
"BioMarkt","Groß-Schulenburger Polder 4","26506","Norden",
"Löwenzahn Bio-Markt","Lange Brückstr. 5","24211","Preetz",
"1000 Körner Markt","Hamburger Chaussee 19","24113","Molfsee",
"Biomarkt- Reformhaus Wieland","Süderstr. 6","25746","Heide",
"BioMarkt","Holtenauerstr. 37","24105","Kiel",
"Biomarkt Himmel & Erde","Am Ahlmannkai 2","24782","Büdelsdorf",
"Biomarkt Eckernförde","Langebrückstr. 21","24340","Eckernförde",
"Naturmarkt Schleswig","Königstr. 20","24837","Schleswig",
"Biomarkt","Schwarzer Weg 20","24837","Schleswig",
"Vivo Naturkost","Süderstr. 46","25813","Husum",
"Biomarkt Kappeln","Querstr. 2","24376","Kappeln",
"Vivo Naturkost","Hohle Gasse 31","25821","Bredstedt",
"Hand In Hand Naturkostmarkt","Marienstr. 61","24937","Flensburg",
"BioMarkt","Neuen Bäue 16","35390","Gießen",
"Naturkost-Naturwaren Schwarz","Solmser str. 1","35578","Wetzlar De-Öko-006",
"BioMarkt","Augustastr. 20","35745","Herborn",
"Natur Pur","Westerwaldstr. 36","35745","Herborn",
"Der Bioladen","Mühlenstr. 4","35708","Haiger",
"Biomarkt Greger","Wilhelmshöher Allee 275","34131","Kassel",
"Naturkost","Steinweg 3","34292","Ahnatal",
"Biomarkt Im Galluspark","Weender Landstr. 59","37075","Goettingen",
"Biomarkt Naturata Wernigerode","Minslebener Str. 39","38855","Wernigerode",
"Naturata Buckau","Schönebecker Str. 40","39104","Magdeburg",
"Naturata Magdeburg","Liebknechtstr. 35-37","39108","Magdeburg",
"Naturata City","Breiter Weg 8/10","39104","Magdeburg",
"Biomarkt Wolfenbüttel","Leopoldstr. 10-11","38302","Wolfenbüttel",
"Via Verde","Lindenplatz 3","38350","Helmstedt",
"Ingo's Naturkost","Kurze Str. 3","33161","Hövelhof",
"Biomarkt Hameln","Deisterstr. 90","31785","Hameln",
"Mertens/Wiesbrock Naturkost","Schulstr. 123","33397","Rietberg",
"BioMarkt","Lange Str. 63","32791","Lage",
"Schenke Biomarkt","Carl-Bertelsmann-Str. 103","33332","Gütersloh",
"Biomarkt Schäfersche Scheune","Hoffmannstr. 10","38442","Wolfsburg-Fallersleben",
"Biocorner","Fiedelerstr. 23","30519","Hannover",
"Biomio Gesundheit Ist Essbar","Am Markt 3","30989","Gehrden",
"Früchte Der Natur","Am Obersee 1","33611","Bielefeld",
"Biomio.","Marktstr. 3-5","30890","Barsinghausen",
"Bio Markt Oasis","Alte Döhrener str. 44","30173","Hannover",
"Biomarkt Misburg","Anderter str. 65","30629","Hannover",
"Biomarkt","Marktstr. 45","30159","Hannover",
"Biomarkt Naturkost Bothfeld","Sutelstr. 25b","30659","Hannover",
"Hof Sondern Naturkost","Obersondern 6","42399","Wuppertal",
"Mandelbaum Naturkost","Kölner Str. 98","42651","Solingen",
"Leben Im Gleichgewicht","Lotsen str. 5","42697","Solingen",
"Fruchtbare Erde GmbH","Stockumer str. 412","44227","Dortmund",
"Naturkost Artmann","Birkhuhnweg 5A","44892","Bochum-Langendreer",
"Naturkost Holthausen","Itterstr. 34-36","40589","Düsseldorf Holthausen",
"Tofuhaus","Wittenerstr. 224","44803","Bochum",
"Biohaus","Hattinger str. 264","44795","Bochum",
"Veggihaus","Kortumstr. 35","44787","Bochum",
"Biomarkt-Körnerecke","Marktplatz 14","41516","Grevenbroich",
"Helm-Naturprodukte","Am Krummenweg 28","40885","Ratingen-Lintorf",
"Biohaus","Niederrheinstr. 71","40474","Düsseldorf",
"Biomarkt","Prosperstr. 55","46236","Bottrop",
"Biolandmarkt Vienhues","Kückesweg 60","47877","Willich",
"Biobukes","Böckenhoffstr. 10","46236","Bottrop",
"Naturmarkt Martin Korthaus","Schillerstr. 80","45768","Marl",
"Vienhues Biomarkt","Freiheitsstr. 194","41747","Viersen",
"Bioladen Rotthoffs Hof","Münsterstr. 43","46244","Bottrop",
"Vienhues Biomarkt","Engerstr. 25","47906","Kempen",
"BioMarkt","Bahnhofstr. 59","46562","Voerde",
"BioMarkt","Markt 5/6","49179","Ostercappeln",
"Venner Bioladen","Hunteburger str. 11","49179","Ostercappeln",
"Biomarkt Geldern","Issumerstr. 47-19","47608","Geldern",
"Büsch Naturkost","Niederhelsum 1a","47652","Weeze",
"Bioladen Kleve","Kalkarer str. 21","47533","Kleve",
"Biomarkt Kleve","Hoffmannallee 36a","47533","Kleve",
"Bio Markt Planz","Bahnhofstr. 5","55435","Gau-Algesheim",
"BioMarkt","Mannheimer Str. 82","55545","Bad Kreuznach",
"Bioladen Phönix","Rhein Mosel str. 34","56281","Emmelshausen",
"BioMarkt","Grenzhausener Straße 21","56191","Weitersburg",
"Naturkost-Oase","Barlstr. 18","56856","Zell/Mosel",
"Heimbacher Hof Hofladen","Mainzer Str. 46","56566","Neuwied/Heimbach-Weis",
"Der Biomarkt","Koblenzer str. 43","57072","Siegen",
"BioMarkt","Bahnstr. 46","56743","Mendig",
"Biotopp -Schweicher Bioladen-","Unter Mastein 2","54338","Schweich",
"Biomarkt Grotzfeld Naturkost","Saarstr. 10","54290","Trier",
"Igel Biomarkt","Trierer str. 30","54634","Bitburg",
"Biomarkt Landgefühl","Im Weiher 17","51674","Wiehl",
"Der Leyenhof","Im Bachele 1B","53175","Bonn",
"Vier Jahreszeiten","Siegstr. 22a","53757","Sankt Augustin",
"Biomarkt Bonn","Endenicher str. 367-373","53121","Bonn",
"BioMarkt","Kölner Str. 33","53840","Troisdorf",
"BioMarkt","Tiergartenstr. 44","54595","Prüm",
"BioMarkt","Freiherr-Vom-Stein Str. 35","58511","Lüdenscheid",
"Spensenhof Naturkost","Bleistr. 19","50374","Erftstadt",
"Der Kölner Bio-Bauer","Poll-Vingster str. 215","51105","Köln",
"Brauweiler Biomarkt","Kaiser-Otto-str. (Ecke Langgasse)","50259","Pulheim/Brauweiler",
"Neues Grün - Der Bioladen","Steinstraße 37","59425","Unna",
"Hof Sackern Laden GbR","Albringhauserstr. 22","58300","Wetter",
"Niemeyer´s Biomarkt + Reformhaus","Mühlenstr. 5","59348","Lüdinghausen",
"Biomarkt Hense","Brückenstr. 31","63897","Miltenberg",
"Biomarkt Wiesloch","Ringstr. 21","69168","Wiesloch",
"BioMarkt","Roßbacher Weg 9","64720","Michelstadt",
"Biofactory","Carl-Benz-str. 15","64711","Erbach",
"BioMarkt","Bahnhofstr. 33","69115","Heidelberg",
"BioMarkt","Fritz-Frey-str. 15","69121","Heidelberg",
"BioMarkt","Scheffelstr. 67","68723","Schwetzingen",
"Adi's Naturkostladen","Luftschiffring 3A","68782","Brühl",
"BioMarkt","Kriemhildenstr. 6","64658","Fürth",
"BioMarkt","Wormser Str. 49","67346","Speyer",
"Der Biomarkt Handelsgesellschaft MbH","Hauptstr. 82","68259","Mannheim",
"Weilerhof Hofladen","Uhlandstr. 9","63762","Großostheim",
"Biomarkt","Marktstr. 15","64646","Heppenheim",
"Grünmeier Biomarkt","Werner-Heisenberg-Str. 19","64823","Groß-Umstadt",
"Grünmeier Biomarkt","Frankfurter str. 56","64807","Dieburg",
"Kleeblatt","Bahnhofstr. 1","63500","Seligenstadt",
"Kornmühle","Heidelberger Landstr. 186b","64297","Darmstadt-Eberstadt",
"BioMarkt","Bonifatiusstr. 29","63579","Freigericht, Somborn",
"BioMarkt","Odenwaldstr. 80","63322","Rödermark",
"Biomarkt Ober-Roden","Odenwaldstr. (Neben Kik Und Plus) 80","63322","Rödermark / Ober-Roden",
"Abraxas Biomarkt GmbH","Friedrichstr. 35","67433","Neustadt",
"Terra Verde Biomarkt","Dieburger str. 77","64287","Darmstadt",
"BioMarkt","Hinterg. 6-10","63110","Rodgau",
"Karotte","Erzbergerstr. 12","63179","Obertshausen",
"Natur-Markt Karotte","Heusenstammer Strasse 27","63179","Obertshausen",
"Naturwarenzentrum Dreieich","Fichtestr. 65","63303","Dreieich",
"Terra Verde Biomarkt","Am Marktplatz 18","64521","Groß-Gerau",
"Hofladen Rauher Berg E.V.","Rauher Berg 1","63683","Ortenberg Gelnhaar",
"Karotte Naturmarkt","Hügelstr. 69","60433","Frankfurt",
"Biomarkt Picard","Lorscher str. 16","60489","Frankfurt-Rödelheim",
"Biomarkt Am Weißen Stein","Eschersheimer Landstr. 548","60433","Frankfurt",
"BioMarkt","Ober-Eschbacher-Str. 32","61352","Bad Homburg",
"Biomarkt Escher","Eisenbahnstr. 28-30","67655","Kaiserslautern",
"BioMarkt","Burgstr. 7","65719","Hofheim",
"Biofrischmarkt GmbH","Ringstr. 46","66953","Pirmasens",
"Terra Verde Biomarkt","Hessenring 97","61348","Bad Homburg",
"BioMarkt","Hainstr. 2","61476","Kronberg Am Taunus",
"Naturladen Arche Noah","Klosterstr. 3a","61462","Königstein",
"Biomarkt Bad Nauheim","Hubert-Vergölst-str. 18","61231","Bad Nauheim",
"BioMarkt","Auf Der Laukert 1","61231","Bad Nauheim",
"Bio Markt Diefenbach","Rathausstr. 44","65203","0 Wiesbaden",
"Bauer Etzels Hofladen","Pfaffenwiesbacher str. 6","61273","Wehrheim",
"Naturkostladen","Rosengartenstr. 8","66482","Zweibrücken",
"BioMarkt","Weberstr. 1","65366","Geisenheim",
"Terra Verde Biomarkt","Aarstr. 110","65232","Taunussstein-Hahn",
"Ringelblume Naturfeinkost","Saarbrücker str. 5","66424","Homburg",
"Biofrischmarkt","Mannlichstr. 16","66424","Homburg",
"Naturkost Blieskastel","Bahnhofstr. 3a","66440","Blieskastel",
"Naturzweig","Bahnhofstr. 19","66450","Bexbach",
"Kornblume Hofladen Sinters","Mainzer Landstr. 4","65597","Hünfelden-Kirberg",
"Reformhaus Und Biomarkt Escher","Saarpark Center Stummplatz 1","66538","Neunkirchen",
"Biofrischmarkt GmbH","An Der Alten Ziegelei 11","66538","Neunkirchen",
"Biofrischmarkt","Kohlenstr. 15 B/Am Rewe","66386","St. Ingbert",
"BioMarkt","Kohlenstr. 15b","66836","St. Ingbert",
"Biomarkt","Mainzer Str. 80 (Nähe Autobahnabfahrt Bismarkbrücke)","66121","Saarbrücken",
"Biomarkt Biotop","Bahnhofsplatz 2","65549","Limburg A. D. Lahn",
"BioMarkt","Mainzer Str. 80","66121","Saarbrücken",
"Biofrischmarkt GmbH","Präsident-Baltz-str. 2","66119","Saarbrücken",
"Biomarkt","Johannisstr. 6","66111","Saarbrücken",
"Biofrischmarkt GmbH","Dudweiler Str. 87-89","66111","Saarbrücken",
"Biofrischmarkt GmbH","Saarbrücker str. 29","66292","Riegelsberg",
"BioMarkt","Saarbrückerstr. 24","66265","Heusweiler",
"Biofrischmarkt GmbH","Lisdorferstr. 14","66740","Saarlouis",
"Reformhaus Und Biomarkt Escher","Galerie Kleiner Markt 1","66740","Saarlouis",
"La Naturelle Biohandel","Haagstr. 16","66679","Losheim",
"La Naturelle GmbH","Wagnerstr. 20","66663","Merzig",
"Biofrischmarkt","Bahnhofstr. 99","66706","Perl",
"Sonnenblume Naturkost","Karlstr. 6","73312","Geislingen",
"Aura Biomarkt","Weißensteiner Str. 44","73525","Schwäbisch Gmünd",
"Biotop Naturkost & Café","Lange str. 46","74564","Crailsheim",
"Fischermühle Biomarkt","Traubenstr. 2","71384","Weinstadt",
"Erdi Ostfildern-Nellingen","Bismarckstr. 41","73760","Ostfildern-Nellingen",
"Naturgut Esslingen","Adlerstr. 6 - Alte Feuerwache","73728","Esslingen",
"BioMarkt","Bengelstr. 10","71364","Winnenden",
"Biomarkt Naturkostinsel","Alfred-Kärcher-str. 6","71364","Winnenden",
"Biomarkt","Martinstraße 4","73728","Esslingen",
"Bioland-Gärtnerei Dänzer","Luzerner str. 6","71522","Backnang-Germannsweiler",
"Biomarkt Hofgut Hagenbach","Hofgut Hagenbach 1","71522","Backnang",
"BioMarkt","Marktg. 5","71332","Waiblingen",
"Erdi Filderstadt-Bernhausen","Bernhäuser Hauptstr. 2","70794","Filderstadt-Bernhausen",
"BioMarkt","Dettenhauser Str. 43","72141","Walddorfhäslach",
"Fischermühle Biomarkt","Eisenbahnstr. 1/1","70734","Fellbach",
"Naturgut Sillenbuch","Kirchheimer str. 71","70619","Stuttgart",
"Naturgut Echterdingen","Bernhäuser str. 14","70771","Leinfelden-Echterdingen",
"Erdi Leinfelden-Echterdingen","Stangenstr. 8","70771","Echterdingen",
"Naturgut Gablenberg","Gablenberger Hauptstr. 29","70186","Stuttgart",
"Erdi Stuttgart","Neckarstr. 152A","70190","Stuttgart",
"Erdi Stuttgart-Möhringen","Widmaierstr. 110","70567","Stuttgart",
"Biofritz Ihr Biofrischemarkt","Schillerstr. 15","72548","Albstadt Ebingen",
"Naturgut Degerloch","Löwenstr. 39","70597","Stuttgart",
"Naturgut Marienplatz","Marienplatz 1","70178","Stuttgart",
"Naturgut Hölderlinplatz","Senefelderstr. 109","70176","Stuttgart",
"Biomarkt Roland Geist GmbH","Bismarckstr. 26","74613","Öhringen",
"Organix-Biomarkt","Stuttgarter Str. 23","70469","Stuttgart",
"BioMarkt","Mainzer Allee 30","71640","Ludwigsburg",
"Naturgut Weilimdorf","Pforzheimer str. (Beim Löwenmarkt) 357","70499","Stuttgart",
"BioMarkt","Schillerstr. 17","70839","Gerlingen",
"Vitaaktiv Naturkostmarkt","In Der Rommelmühle","74321","Bietigheim-Bissingen",
"Mutter Natur","Marktplatz 17","71229","Leonberg",
"Scheunenlädle","Königstr. 31/1","71139","Ehningen",
"BioMarkt","Bahnhofstr. 22","72336","Balingen",
"Proöko","Kernerstr. 11","74076","Heilbronn",
"BioMarkt","Schlößleweg 1","78532","Tuttlingen",
"Super Biomarkt Sunnewirbel","Erzbergerstr. 1","78224","Singen",
"Naturquell","An Der Bachmühle 4","74821","Mosbach",
"Bio-Markt Boos","Epfendorfer Str. 11","78662","Bösingen",
"Biomarkt Unterreichenbach","Calwer str. 27","75399","Unterreichenbach",
"Hoflädle","Am Hohlweg 3","75328","Schömberg-Oberlengenhardt",
"Blanc-Hof Naturkost","Weinbergweg 3","75438","Knittlingen-Kleinvillars",
"Füllhorn Bretten GmbH","Sporgasse 10-12","75015","Bretten",
"BioMarkt","Wörthstr. 7","76646","Bruchsal",
"Füllhorn Bruchsal GmbH","Prinz-Wilhelm-Str. 8","76646","Bruchsal",
"Füllhorn Weingarten GmbH","Bahnhofstr. 18","76356","Weingarten",
"Füllhorn Karlsruhe GmbH","Erbprinzenstr. 27","76133","Karlsruhe",
"BioMarkt","Robert-Bunsen Str. 6","79108","Freiburg",
"Füllhorn Landau GmbH","Am Großmarkt 4","76829","Landau/Pfalz",
"Marktladen Rieselfeld GmbH","Carl-Von-Ossietzky-str. 1","79111","Freiburg",
"BioMarkt","Königstr. 26","76887","Bad Bergzabern",
"Biomarkt Brennessel","Marktstr. 4","76887","Bad Bergzabern",
"Landmann´s Biomarkt München I","Barerstr. 54-56","80799","München",
"Bioparadies Markt","Lerchenfeldstr. 10","81925","München",
"Obergrashof Auf Dem Elisabethmarkt","Elisabethplatz","80796","München",
"BioMarkt","Weißenburgerstr. 5","81667","München",
"BioMarkt","Schlotthauerstr. 16","81541","München",
"Nikos Naturkost","Kazmair - Ecke Ganghofer straße","80339","München",
"Hollerbusch Natur Pur","Daiserstr. 5","81371","München",
"Bio-Markt Stemmerhof","Plinganser str. 6","81369","München",
"Der Grüne Korb","Oberfoeringer Str. 212","81925","München",
"Grüner Zweig Biomarkt","Fürstenrieder Str. 40","80686","München",
"Erdgarten Biosupermarkt","Planeggerstr. 9","81241","München Pasing",
"BioMarkt","W.rburger Landstr. 244","81827","München",
"Landmann´s Biomarkt München II","Pasinger str. 50","82166","Gräfelfing",
"BioMarkt","Mathildenstr. 1","82152","Planegg",
"BioMarkt","Münchner Str. 17a","85748","Garching",
"Biomarkt Vaterstetten","Fasanenstr. 6","85591","Vaterstetten",
"Biomarkt","Münchner Str. 45a","85221","Dachau",
"Poing","Alte-Gruber-Str. 4","85586","Poing",
"Naturkostladen Gauting","Bahnhofstr. 34","82131","Gauting",
"Keimling Naturkost","Am Markt 2","82205","Gilching",
"Naturkost Löffl","Wölfmühle 1","85661","Forstinning",
"Bio Reich","Siedlerstr. 2","85641","Kirchseeon",
"Bäckerei-Konditorei Gürtner","Industriestr. 28","85229","Markt Indersdorf",
"Luna-Naturkost","Marktplatz 2","85229","Markt Indersdorf",
"Gärtnerei Schmid","Herrmannsdorf 1a","85625","Glonn",
"Korn Biomarkt GmbH Grafing","Schlossplatz 5","85560","Ebersberg",
"Korn Biomarkt GmbH Grafing","Schwarzbäckstr. 1-3","85567","Grafing",
"Biomarkt","Westerhamerstr. 8","83620","Feldkirchen-Westerham",
"Buona.Vita.Bio","Miesbacherstr. 23","83620","Feldkirchen-Westerham",
"Naturkost Am Markt","Gartenstr. 4","85235","Odelzhausen",
"Bio-Welt","Zum Landungssteg 11","82211","Herrsching",
"Naturkost Mandala","Münchener str. 20b","85276","Pfaffenhofen",
"Biodelikat","Badstr. 4 1/3","83646","Badtölz",
"Biomarkt","Hochhaus 5","83562","Rechtmehring",
"Biogut Wallenburg Von Kameke GmbH & Co. KG","Biogut Wallenburg","83714","Miesbach",
"Landmann´s Biomarkt","Joseph-Fraunhofer-str. 30","85276","Pfaffenhofen",
"Biomarkt Natufit","Meringerzellerstr. 14","86415","Mering",
"Biomarkt Schindecker","Pfälzer Str. 1","83109","Großkarolinenfeld",
"BioMarkt","Karolinenplatz 4","83109","Großkarolinenfeld",
"BioMarkt","Müchnerstr. 27","82362","Weilheim",
"Naturkost Querbeet","Sudetenstr. 1","86551","Aichach",
"Wasserburger Biomarkt","Bahnhofsplatz 5","83512","Wasserburg Am Inn",
"Bio Ums Eck","Hauptstr. 14","86931","Prittriching",
"Landmann´s Biomarkt Bad Wiessee","Sanktjohanser str. 84","83707","Bad Wiessee",
"Klostergärtnerei Laden","Fraunhofer str. 5","83671","Benediktbeuern",
"Grünes Warenhaus","Isarstr. 19","83661","Lenggries",
"Landmann´s Biomarkt Landsberg","Augsburgerstr. 74","86899","Landsberg A.Lech",
"BioMarkt","Hausberg 10","84036","Kumhausen",
"Bioladen Peißenberg","Schongauer Str. 88","82380","Peißenberg",
"Bella Vita","Abensberger str. 38","84048","Mainburg",
"Bellavita GmbH&co.KG","Stethaimer str. 39","84034","Landshut",
"BioMarkt","Hochriesstr. 47 b","83209","Prien",
"Biomarkt Bella Vita","Münchenerstr. 142","85051","Ingolstadt",
"Landmann´s Biomarkt Ingolstadt","Permoser Str. 88","85057","Ingolstadt",
"BioMarkt","Weberstr. 8","86863","Langeneufnach",
"Biomarkt Chiemgau","Hochstr. (Neben Gartencenter Büchele) 33","83278","Traunstein",
"BioMarkt","Mühlberg 6","86609","Donauwörth",
"Biomarkt Bella Vita","Sallinger Str. 13","86609","Donauwörth",
"Biomarkt Bella Vita","Weißenburger str. 14","85072","Eichstätt",
"Biomarkt Tittmoning","Stadtplatz 3","84529","Tittmoning",
"Waren Für Mensch + Natur","Auweg 14","84307","Eggenfelden",
"Terra Luna","Babenhauser str. 12","86381","Krumbach",
"Kornkammer Burghausen","Robert Koch Str. 11","84489","Burghausen",
"Biofachmarkt Naturel","Königstr. 29","89407","Dillingen/Donau",
"Kräuterweible","Vilstalstr. 6","87459","Pfronten",
"Naturkost Kling","Hawanger Str. 13","87734","Benningen",
"Hofladen Wimmer","Rockern 3","84347","Pfarrkirchen",
"Naturkostladen An-Ka","Maximilianstr. 22","84359","Simbach Am Inn",
"Naturhaus - Ihr Bioladen","Augsburger Str. 17","86720","Noerdlingen",
"BioMarkt","Brettermarkt 5","86720","Nördlingen",
"BioMarkt","Niedersonthofenerstr. 8","87448","Waltenhofen-Oberdorf",
"Schmid Natur","Kemptener Straße 31a","89250","Senden",
"Biowelten Ökoase Immenstadt","Liststr. 22","87509","Immenstadt",
"Ökoase","Landwehrplatz 3","87509","Immenstadt",
"Erdapfel Naturkost","Schlösslesgasse 10","89081","Ulm / Söflingen",
"E-Biomarkt","Heufelder str. 27","89584","Ehingen (Donau)",
"Pro Natura","Stadelgasse 6/B","39042","Brixen",
"Biofritz Bio Frischemarkt","Hochbildstr. 1","88662","Überlingen",
"Biomarkt West","Franz-Von-Taxis-Ring 51","93049","Regensburg",
"Naturmarkt Glockengasse","Glockengasse 16","93047","Regensburg",
"Biomarkt Bio Insel Stadtamhof","Andreasstr. 1","93059","Regensburg",
"Biomarkt Neuhoff","Weichser Weg 5","93059","Regensburg",
"Die Spezerei","Simon- Höller- str. 8","94315","Straubing",
"BioMarkt","Untere Dorfstr. 8","94356","Kößnach",
"Biomarkt Burglengenfeld","Marktplatz 16","93133","Burglengenfeld",
"BioMarkt","Strieglberg 1","93133","Burglengenfeld",
"BioMarkt","Weißenburger Str. 32","91710","Gunzenhausen",
"Biomarkt Dinkelähre","Mühlstr. 17","92318","Neumarkt",
"Biotreff Vilshofen","Furtgasse (Parkhotel-Center) 4","94474","Vilshofen An Der Donau",
"Biomarkt Schwandorf","Adolf-Kolping-Platz 3","92421","Schwandorf",
"Der Naturgarten","Ludwigstr. 24","93413","Cham",
"Naturkost Auryn","Schönauerweg 2","94036","Passau",
"Erika`s Naturladen","Hauptstr. 59","92431","Neunburg Vorm Wald",
"Biotop","Grabengasse 16","94032","Passau",
"Bio Markt Ansbach","Welserstr. 16 A U. B","91522","Ansbach",
"Bio In Zabo","Aussiger Platz 2","90480","Nürnberg",
"Biomarkt Pronatur","Passauer Str. 16","94121","Salzweg",
"BioMarkt","Thalersdorf 27","93471","Arnbruck",
"Biomarkt Gaismannshof","Lehrberger str. 72","90431","Nürnberg",
"Biomarkt Hersbruck","Poststr. 6","91217","Hersbruck",
"Biomarkt Lauf","Simonshofer str. 5","91207","Lauf An Der Pegnitz",
"Bio Markt Danicek","Grüber str. 1","94481","Grafenau",
"Biolino","Landgraf-Johann-str. 6","92536","Pfreimd",
"Biomarkt Eckental","Dr.-Otto-Leich-Str. 8","90542","Eckental",
"Natur Varia Biomarkt","Abteistr. 17","94078","Freyung",
"Naturkost Vier Jahreszeiten","Richard-Wagner str. 2/Direkt Am Hugo","91054","Erlangen",
"Vreiman","Galgengasse 52","91541","Rothenburg O. D. Tauber",
"Naturkostwaren","Kornbergsiedlerstr. 14","91275","Auerbach",
"BioMarkt","Marktplatz 3","92648","Vohenstrauß",
"Eseo Naturwaren","Untere Bauscherstr. 21","92637","Weiden",
"Eseo Naturwaren","Weigelstr. 8","92637","Weiden",
"Naturkostladen Hollerbirl","Schmellerstr. 16","92660","Neustadt A.D. Waldnaab",
"Biolett","Steinwegstr. 37","91315","Höchstadt",
"BIO am VogelsEck","Steinwegstraße 37","91315","Höchstadt A.d. Aisch",
"Bio Bio","Telemannstr. 2","95444","Bayreuth",
"Frohnatur","Bahnhofstr. 20B","95643","Tirschenreuth",
"Bio Bio","Friedrich Von Schiller Str. 35","95444","Bayreuth",
"Biogalerie","Marktbreiter Str. 11","97199","Ochsenfurt",
"BioMarkt","Hauptstr. 41","97199","Ochsenfurt",
"Bio Lädla","Bärenschlag 8","95694","Mehlmeisel",
"Bioladen","Bahnhofstr. 114","95485","Warmensteinach",
"Naturkost Unger","Kirchplatz 4/5","95349","Thurnau",
"Biohof-Wolf","Am Boden 18","96215","Lichtenfels",
"BioMarkt","Klosterg. 6","95326","Kulmbach",
"BioMarkt","Raiffeisenstr. 3","97080","Würzburg",
"Dave?s Biomarkt","Albert-Ruckdeschel-str. 3","95326","Kulmbach",
"Naturkost Unger","Patersbergweg 5","95336","Mainleus-Veitlahm",
"Waldgaststätte Steinhaus","Steinhaus 1","95707","Thiersheim",
"Apfelbaum-Naturkost","Coburger Str. 36","96215","Lichtenfels",
"Biomarkt - Bio Für Alle -","Luitpoldstr. 27A","95213","Münchberg",
"Kräuterhof Höhefeld Verwaltungs-GmbH","Wassersteinchen 1","97877","Wertheim-Höhefeld",
"Kornblume","Pfarrstr. 11","95100","Selb",
"Bio-Lieferservice Grashüpfer","Kreuzstr. 19a","97837","Erlenbach-Tiefenthal",
"Naturfeinkost By Bio","Pressecker str. 2","95233","Helmbrechts",
"Hof Gut Ruppertzaint GmbH & Cokg","Ruppertzaint 1","97450","Gänheim/Arnstein",
"Biokorner","Ludwigstr. 22","95111","Rehau",
"BioMarkt","Heldburgerstr. 4a","96145","Seßlach Ot Gemünda",
"Biohügel","Am Roten Hügel 9","96145","Sesslach-Gemünda",
"Biomarkt -Bio Für Alle-","Hauptstr. 6","95119","Naila",
"BioMarkt","Dammweg 1","98673","Eisfeld",
"Alnatura Super Natur Markt","Jungfernstieg 1-2 (Ecke Königsberger straße)","12207","Berlin",
"Alnatura Super Natur Markt","Hans-Sachs-str. 4 b-c (S-Bahnhof Lichterfelde West)","12205","Berlin",
"Alnatura Super Natur Markt","Giesebrechtstr. 4 (am Meyerinckplatz)","10629","Berlin",
"Alnatura Super Natur Markt","Schleiermacherstr. 25 (Ecke Bergmannstraße)","10961","Berlin",
"Alnatura Super Natur Markt","Else-Lasker-Schüler-str. 18-22","10783","Berlin",
"Alnatura Super Natur Markt","Wilmersdorferstr. 46","10627","Berlin",
"Alnatura Super Natur Markt","Bölschestr. 63","12587","Berlin",
"Alnatura Super Natur Markt","Friedrichstr. 191","10117","Berlin",
"Alnatura Super Natur Markt","Alte Jakobstr. 79/80","10179","Berlin",
"Alnatura Super Natur Markt","Chausseestr. 10 (Ecke Torstraße)","10115","Berlin",
"Alnatura Super Natur Markt","Greifswalder Str. 89","10409","Berlin",
"Alnatura Super Natur Markt","Schönhauser Allee 108","10439","Berlin",
"Alnatura Super Natur Markt","Ollenhauerstr. 106 A","13403","Berlin",
"Alnatura Super Natur Markt","Bernstorffstr. 13 (Ecke Buddestraße)","13507","Berlin",
"Alnatura Super Natur Markt","Brunnenstr. 4 (Vor dem Steintor)","28203","Bremen",
"Alnatura Super Natur Markt","Faulenstr. 54-70 (im Radio Bremen Haus)","28195","Bremen",
"Alnatura Super Natur Markt","Hahnenkamp 1","22765","Hamburg",
"Alnatura Super Natur Markt","Wandsbeker Marktstr. 2","22041","Hamburg-Wandsbek",
"Alnatura Super Natur Markt","Bahrenfelder str. 242 - 244 (Nähe Kulturzentrum Fabrik)","22765","Hamburg",
"Alnatura Super Natur Markt","Schanzenstraße 34-36 ","20357","Hamburg",
"Alnatura Super Natur Markt","Hoheluftchaussee 18","20253","Hamburg",
"Alnatura Super Natur Markt","Am Rissener Bahnhof 23","22559","Hamburg",
"Alnatura Super Natur Markt","Lange-Geismar-str. 61-64","37073","Göttingen",
"Alnatura Super Natur Markt","Salinenweg 1","37081","Göttingen",
"Alnatura Super Natur Markt","An der Weide 27-31 (Südstadt)","30171","Hannover",
"Alnatura Super Natur Markt","Schmiedestr. 13 (Altstadt)","30159","Hannover",
"Alnatura Super Natur Markt","Jakobistr. 10 (Nähe Lister Platz)","30163","Hannover",
"Alnatura Super Natur Markt","Am Wildpark 2a","40629","Düsseldorf",
"Alnatura Super Natur Markt","Große Langgasse 8","55116","Mainz",
"Alnatura Super Natur Markt","Andernacher Str. 238","56070","Koblenz",
"Alnatura Super Natur Markt","Friedrich-Breuer-str. 80","53225","Bonn",
"Alnatura Super Natur Markt","Quantiusstr. 23 (hinter dem Hauptbahnhof)","53115","Bonn",
"Alnatura Super Natur Markt","Kürtener Straße 1-13","51465","Bergisch Gladbach",
"Alnatura Super Natur Markt","Goltsteinstr. 91","50968","Köln",
"Alnatura Super Natur Markt","Berrenrather str. 240","50939","Köln",
"Alnatura Super Natur Markt","Bismarckstr. 27-29","50672","Köln",
"Alnatura Super Natur Markt","Neusser str. 264","50733","Köln",
"Alnatura Super Natur Markt","Bahnhofstr. 32","58452","Witten",
"Alnatura Super Natur Markt","Karlsgraben 16-18","52068","Aachen",
"Alnatura Super Natur Markt","Rohrbacher str. 73","69115","Heidelberg",
"Alnatura Super Natur Markt","Poststr. 36/5 (Altes Hallenbad)","69115","Heidelberg",
"Alnatura Super Natur Markt","Heidelberger str. 18 (Nähe Rhein-Neckar Zentrum)","68519","Viernheim",
"Alnatura Super Natur Markt","N7, 12 ","68161","Mannheim",
"Alnatura Super Natur Markt","Fabrikstr. 16","64625","Bensheim",
"Alnatura Super Natur Markt","In der Pfarrtanne 12 b","64665","Alsbach-Hähnlein",
"Alnatura Super Natur Markt","Heidelberger str. 193 (bei Farbenkrauth)","64285","Darmstadt",
"Alnatura Super Natur Markt","Grafenstr. 41","64283","Darmstadt",
"Alnatura Super Natur Markt","Rheinstr. 39","64283","Darmstadt",
"Alnatura Super Natur Markt","Hedderichstr. 47-49","60594","Frankfurt am Main",
"Alnatura Super Natur Markt","Schweizer str. 80","60594","Frankfurt am Main",
"Alnatura Super Natur Markt","Burgstr. 106","60389","Frankfurt am Main",
"Alnatura Super Natur Markt","Bockenheimer Landstr. 13-15","60325","Frankfurt am Main",
"Alnatura Super Natur Markt","Eschersheimer Landstr. 60 (Nähe Grüneburgweg)","60322","Frankfurt am Main",
"Alnatura Super Natur Markt","Landgrafenstr. 11","60486","Frankfurt am Main",
"Alnatura Super Natur Markt","Kapellenstr. 50 c","65830","Kriftel",
"Alnatura Super Natur Markt","Königstr. 123 (Gewerbegebiet)","67655","Kaiserslautern",
"Alnatura Super Natur Markt","Frankfurter str. 1","61462","Königstein",
"Alnatura Super Natur Markt","Alte Schmelze 18-22","65201","Wiesbaden",
"Alnatura Super Natur Markt","Dotzheimer str. 14-18","65185","Wiesbaden",
"Alnatura Super Natur Markt","Berliner Straße 2","73728","Esslingen",
"Alnatura Super Natur Markt","Jacob-Brodbeck-str. 6","70794","Filderstadt",
"Alnatura Super Natur Markt","Münzgasse 4a","78462","Konstanz",
"Alnatura Super Natur Markt","Epplestr. 12","70597","Stuttgart",
"Alnatura Super Natur Markt","Tübinger str. 31-33","70178","Stuttgart",
"Alnatura Super Natur Markt","Am Höhenpark 4 (Killesberghöhe)","70191","Stuttgart",
"Alnatura Super Natur Markt","Hügelstr. 3 (Das Depot)","72072","Tübingen",
"Alnatura Super Natur Markt","Pfleghofstr. 6/1","72070","Tübingen",
"Alnatura Super Natur Markt","Myliusstr. 7","71638","Ludwigsburg",
"Alnatura Super Natur Markt","Christophallee 23-25 (Nordstadt)","75177","Pforzheim",
"Alnatura Super Natur Markt","Käppelestr. 5","76131","Karlsruhe",
"Alnatura Super Natur Markt","Ludwig-Ehrhard-Allee 14 (Parkarkaden)","76131","Karlsruhe",
"Alnatura","Ettlinger-Tor-Platz 1","76133","Karlsruhe",
"Alnatura Super Natur Markt","Douglasstr. 28-30 (Europaplatz)","76133","Karlsruhe",
"Alnatura Super Natur Markt","Schwarzwaldstr. 78 - 78d","79117","Freiburg im Breisgau",
"Alnatura Super Natur Markt","Fahnenbergplatz 3 (Quartier Unterlinden)","79098","Freiburg im Breisgau",
"Alnatura Super Natur Markt","Kaiser-Joseph-str. 282","79098","Freiburg im Breisgau",
"Alnatura Super Natur Markt","Alte Basler Str. 2","79713","Bad Säckingen",
"Alnatura Super Natur Markt","Merzhauser Str. 179","79100","Freiburg im Breisgau",
"Alnatura Super Natur Markt","Markgrafenstr. 42","79639","Grenzach-Wyhlen",
"Alnatura Super Natur Markt","Rathausplatz 3","79576","Weil am Rhein",
"Alnatura Super Natur Markt","Leopoldstr. 64","80807","München",
"Alnatura Super Natur Markt","Sonnenstr. 23","80331","München",
"Alnatura Super Natur Markt","Münchner Freiheit 7","80802","München",
"Alnatura Super Natur Markt","Weißenburger str. 20","81667","München",
"Alnatura Super Natur Markt","Lindwurmstr. 117","80337","München",
"Alnatura Super Natur Markt","Nymphenburger str. 158","80634","München",
"Alnatura Super Natur Markt","Friedenheimer Brücke 23","80639","München",
"Alnatura Super Natur Markt","Albert-Schweitzer-Str. 78","81735","München",
"Alnatura Super Natur Markt","Boschetsrieder Str. 72","81379","München",
"Alnatura Super Natur Markt","Ingolstädter str. 172","80939","München",
"Alnatura Super Natur Markt","Kistlerhofstr. 243a","81379","München",
"Alnatura Super Natur Markt","Landsberger str. 480-482","81241","München",
"Alnatura Super Natur Markt","Karl-Hermann-Weg 4 (Gewerbegebiet Grünwalder Weg)","82008","Unterhaching",
"Alnatura Super Natur Markt","Uhlandstr. (Ludwig-Ganghofer-straße)","85609","Aschheim",
"Alnatura","Uhlandstr.","85609","Aschheim",
"Alnatura Super Natur Markt","Augsburger str. 46 (Gewerbegebiet)","86899","Landsberg am Lech",
"Alnatura Super Natur Markt","Wankelstr. 8 (Gewerbegebiet)","86391","Stadtbergen",
"Alnatura Super Natur Markt","Daimlerstr. 16","86356","Neusäß",
"Alnatura","Schillerstr. 2","85055","Ingolstadt",
"Alnatura Super Natur Markt","Schillerstr. 2 (Einkaufszentrum Donau City Center)","85055","Ingolstadt",
"Alnatura Super Natur Markt","Neue str. 97-99","89073","Ulm",
"Alnatura Super Natur Markt","Blaubeurer str. 53","89077","Ulm",
"Alnatura Super Natur Markt","Eisenbahnstr. 42 (am Bahnhof)","88212","Ravensburg",
"Alnatura Super Natur Markt","D.-Martin-Luther-str. 2 (Am Dachauplatz)","93047","Regensburg",
"denn's Biomarkt","Friedensstr. 89","08523","Plauen",
"denn's Biomarkt","Oskar-Arnold-Str. 9","08056","Zwickau",
"denn's Biomarkt","Holzmarkt 1","07743","Jena",
"denn's Biomarkt","Str. der Nationen 12","09111","Chemnitz",
"denn's Biomarkt","Webergasse 1","01067","Dresden-Innere Altstadt",
"denn's Biomarkt","Alaunstr. 8","01099","Dresden",
"denn's Biomarkt","Brühl 1","04109","Leipzig",
"denn's Biomarkt","Königsbrücker str. 76","01099","Dresden",
"denn's Biomarkt","Handelsstr. 4-8","04356","Leipzig",
"denn's Biomarkt","Leipziger Str. 100","06108","Halle (Saale)",
"denn's Biomarkt","Werderpark (Auf dem Strengfeld 6)","14542","Werder",
"denn's Biomarkt","Chausseestr. 21","14109","Berlin",
"denn's Biomarkt","Teltower Damm 299","14167","Berlin",
"denn's Biomarkt","Marienfelder Chaussee 154","12349","Berlin",
"denn's Biomarkt","Clayallee 177","14195","Berlin",
"denn's Biomarkt","Alt Rudow 24","12357","Berlin",
"denn's Biomarkt","Rheinstraße 60","12159","Berlin",
"denn's Biomarkt","Dörpfeldstr. 1","12489","Berlin",
"denn's Biomarkt","Karl-Marx-str. 234","12055","Berlin",
"denn's Biomarkt","Hauptstr. 11","10827","Berlin",
"denn's Biomarkt","Karl-Marx-Str. 66","12043","Berlin",
"denn's Biomarkt","Bahnhofstr. 33-38","12555","Berlin",
"denn's Biomarkt","Hasenheide 108A","10967","Berlin",
"denn's Biomarkt","Grolmanstr. 48","10623","Berlin",
"denn's Biomarkt","Kaiserdamm 112","14057","Berlin",
"denn's Biomarkt","Kottbusser Damm 3","10967","Berlin",
"denn's Biomarkt","Klosterstr. 3","13581","Berlin",
"denn's Biomarkt","Dönhoffstr. 41","10318","Berlin",
"denn's Biomarkt","Annenstr. 48","10179","Berlin",
"denn's Biomarkt","Bahnhofstraße79 - 81","14612","Falkensee",
"denn's Biomarkt","Warschauer str. 63","10243","Berlin",
"denn's Biomarkt","Boxhagener str. 103","10245","Berlin",
"denn's Biomarkt","Mühsamstr. 54","10246","Berlin",
"Denn's Biomarkt","Mühsamstr. 54","10249","Berlin",
"Denn's Biomarkt","Schönhauser Allee 10/11","10119","Berlin",
"denn's Biomarkt","Greifswalder str. 31","10405","Berlin",
"denn's Biomarkt","Bernauer str. 50","10435","Berlin",
"denn's Biomarkt","Schliemannstr. 48","10437","Berlin",
"denn's Biomarkt","Danziger str. 73-77","10405","Berlin",
"denn's Biomarkt","Hanne-Sobek-Platz","13357","Berlin",
"denn's Biomarkt","Schönhauser Allee 80","10439","Berlin",
"denn's Biomarkt","Bizetstr. 17-19","13088","Berlin",
"denn's Biomarkt","Prenzlauer Promenade 192","13189","Berlin",
"denn's Biomarkt","Am Borsigturm 2","13507","Berlin-Tegel",
"denn's Biomarkt","Hermann-Hesse-str. 4","13156","Berlin",
"denn's Biomarkt","Ruppiner Chaussee 217-233","13503","Berlin",
"denn's Biomarkt","Oraniendamm 44","13469","Berlin",
"denn's Biomarkt","Rosenthaler Weg 78","13127","Berlin",
"denn's Biomarkt","Kröpeliner Str. 54","18055","Rostock",
"denn's Biomarkt","Telefunkenstr. 49","29223","Celle",
"denn's Biomarkt","Willy-Brandt-Str. 10","21335","Lüneburg",
"denn's Biomarkt","Am alten Eisenwerk 8","21339","Lüneburg",
"denn's Biomarkt","Sachsentor 58","21029","Hamburg",
"denn's Biomarkt","Stedinger str. 6 - 12","26135","Oldenburg",
"denn's Biomarkt","Bloherfelder str. 2 - 6","26129","Oldenburg",
"denn's Biomarkt","Nadorster str. 54-56","26123","Oldenburg",
"denn's Biomarkt","Uhlhornsweg 99","26129","Oldenburg",
"denn's Biomarkt","Ballindamm 40","20095","Hamburg",
"denn's Biomarkt","Große Bergstr. 152 -162","22767","Hamburg",
"denn's Biomarkt","Ottenser Hauptstr. 39","22765","Hamburg",
"denn's Biomarkt","Rentzelstr. 36","20146","Hamburg",
"denn's Biomarkt","Schanzenstr. 119","20357","Hamburg",
"denn's Biomarkt","Massaquoipassage 5","22305","Hamburg",
"denn's Biomarkt","Fuhlsbüttler str. 397","22309","Hamburg",
"denn's Biomarkt","Stratenbarg 2","22393","Hamburg",
"denn's Biomarkt","Frohmestr. 11","22457","Hamburg",
"denn's Biomarkt","Rathausplatz 29","22926","Ahrensburg",
"denn's Biomarkt","Hansestr. 30","21682","Stade",
"denn's Biomarkt","Elmshorner str. 68 -72","25421","Pinneberg",
"denn's Biomarkt","Lübecker Str. 23-25","23843","Bad Oldesloe",
"denn's Biomarkt","Kurt-Wagener-str. 4","25337","Elmshorn",
"denn's Biomarkt","Schlutuper str. 3 - 5","23566","Lübeck",
"denn's Biomarkt","Gutenbergstr. 4","24558","Henstedt-Ulzburg",
"denn's Biomarkt","Bismarckstr. 247","26382","Wilhelmshaven",
"denn's Biomarkt","Lindenstr. 61","25524","Itzehoe",
"denn's Biomarkt","Saarbrückenstr. 143","24114","Kiel",
"denn's Biomarkt","Marienallee 64","24937","Flensburg",
"denn's Biomarkt","Kothenbachweg 4-6","36041","Fulda",
"denn's Biomarkt","Schiffenberger Weg 115 - 117","35394","Gießen",
"denn's Biomarkt","An der Hessenhalle 1-3","35398","Gießen",
"denn's Biomarkt","Gutenberg-str. 19","35037","Marburg",
"denn's Biomarkt","Königsplatz 53","34117","Kassel",
"denn's Biomarkt","Kirchweg 70","34119","Kassel",
"denn's Biomarkt","Pohlweg 110","33100","Paderborn",
"denn's Biomarkt","Alfelder str. 56p","31139","Hildesheim",
"denn's Biomarkt","Heinrich-Büssing-Ring 41 G","38102","Braunschweig",
"denn's Biomarkt","Celler Str. 30","38114","Braunschweig",
"denn's Biomarkt","Bruchweg 14","32657","Lemgo",
"denn's Biomarkt","Bielefelder str. 114","33378","Rheda-Wiedenbrück",
"denn's Biomarkt","Strengerstr. 4 - 6","33330","Gütersloh",
"denn's Biomarkt","Pettenkoferstr. 2e","30880","Laatzen",
"denn's Biomarkt","Burgdorfer str. 10B","31275","Lehrte",
"denn's Biomarkt","Apfelstr. 8","33613","Bielefeld",
"denn's Biomarkt","Tiergartenstr. 128","30559","Hannover",
"denn's Biomarkt","Marienstr. 51/53","30171","Hannover",
"denn's Biomarkt","Marktstr. 45","30159","Hannover",
"denn's Biomarkt","Limmerstr. 3-5","30451","Hannover",
"denn's Biomarkt","Mindener str. 82","32049","Herford",
"denn's Biomarkt","Celler str. 85","30161","Hannover",
"denn's Biomarkt","Engelbosteler Damm 20/22","30167","Hannover",
"denn's Biomarkt","Edgar-Scheibe-str. 1","30655","Hannover",
"denn's Biomarkt","Flurweg 20","32457","Porta Westfalica-Barkhausen",
"denn's Biomarkt","Hannoversche str. 12b","30938","Burgwedel",
"denn's Biomarkt","Friedrichstr. 22","32427","Minden",
"denn's Biomarkt","Hoeftstr. 4","42103","Wuppertal",
"denn's Biomarkt","Lindemannstr. 6-8","44137","Dortmund",
"denn's Biomarkt","Heiligenhauser str. 52-58","42549","Velbert",
"denn's Biomarkt","Hattinger str. 264","44795","Bochum",
"denn's Biomarkt","Friedrichstr. 133","40217","Düsseldorf",
"denn's Biomarkt","Am Wehrhahn 28-30","40211","Düsseldorf",
"denn's Biomarkt","Wattenscheider Hellweg 83-85","44869","Bochum",
"denn's Biomarkt","Rüttenscheider str. 49","45128","Essen",
"denn's Biomarkt","Düsseldorfer Str. 77","40667","Meerbusch",
"denn's Biomarkt","Humboldtstr. 323","45149","Essen",
"denn's Biomarkt","Haedenkampstr. 21","45143","Essen",
"denn's Biomarkt","Maubisstr. 26","41564","Kaarst",
"denn's Biomarkt","August-Wessing-Damm 86","48231","Warendorf",
"denn's Biomarkt","Düsseldorfer str. 203","45481","Mülheim a.d.R.",
"denn's Biomarkt","Odenkirchener str. 34","41236","Mönchengladbach",
"denn's Biomarkt","Prinzenstr. 1","41065","Mönchengladbach",
"denn's Biomarkt","Uerdinger Str. 123","47799","Krefeld",
"denn's Biomarkt","Kapellener Str. 29","47239","Duisburg - Rumeln -",
"denn's Biomarkt","Hammer str. 39","48153","Münster",
"denn's Biomarkt","Grevener str. 85","48159","Münster",
"denn's Biomarkt","Weidenstr. 20","49080","Osnabrück",
"denn's Biomarkt","Emsteker Str. 34","49661","Cloppenburg Ems.",
"Denn's Biomarkt","Schusterstr. 41","55116","Mainz",
"denn's Biomarkt","Schwabenh.Weg 127","55543","Bad Kreuznach",
"denn's Biomarkt","Hohenzollernstr. 34","56068","Koblenz",
"denn's Biomarkt","Koblenzer Str. 181","56727","Mayen",
"denn's Biomarkt","Weidenauer str. 274","57076","Siegen-Weidenau",
"denn's Biomarkt","Mozartstr. 3-5","53773","Hennef",
"denn's Biomarkt","Kölnstr. 9-11","53111","Bonn",
"denn's Biomarkt","Endenicher str. 367-373","53121","Bonn",
"denn's Biomarkt","Bräuckenstr. 9-11","58511","Lüdenscheid",
"denn's Biomarkt","Richard-Zanders-str. 6","51465","Bergisch Gladbach",
"denn's Biomarkt","Bergisch Gladbacher Str. 599","51067","Köln",
"denn's Biomarkt","Deutzer Freiheit 95","50679","Köln",
"denn's Biomarkt","Severinstr. 113-115","50678","Köln",
"denn's Biomarkt","Hans-Böckler-Str. 76","58638","Iserlohn",
"denn's Biomarkt","Unnaer str. 24","58706","Menden",
"denn's Biomarkt","Dürener str. 160-162","50931","Köln",
"denn's Biomarkt","Venloer str. 254-260","50823","Köln",
"denn's Biomarkt","An der Drehbank 2","58285","Gevelsberg",
"denn's Biomarkt","Neumühle 1","52349","Düren",
"denn's Biomarkt","Franzstr. 2","52064","Aachen",
"Denn's Biomarkt","Alexianergraben 9","52064","Aachen",
,,,,
"denn's Biomarkt","Fackelbrückenstr. 3","73430","Aalen",
"denn's Biomarkt","Karlstr. 6","73312","Geislingen",
"denn's Biomarkt","Poststr. 10","73033","Göppingen",
"denn's Biomarkt","Dettinger str. 107","73230","Kirchheim",
"denn's Biomarkt","Karlstr. 3","73614","Schorndorf",
"denn's Biomarkt","Kirchheimerstraße53","72622","Nürtingen",
"denn's Biomarkt","Daimlerstr. 64","74545","Michelfeld",
"denn's Biomarkt","Gminderstr. 7","72762","Reutlingen",
"denn's Biomarkt","Alfred-Kärcher-str. 6","71364","Winnenden",
"Denn's Biomarkt","Annonay-Str. 1","71522","Backnang",
"denn's Biomarkt","Bodanstr. 19","78462","Konstanz",
"denn's Biomarkt","Kimry-Platz 4","70806","Kornwestheim",
"denn's Biomarkt","Danziger str. 40","71638","Ludwigsburg",
"denn's Biomarkt","Robert-Koch-Str. 2","70563","Stuttgart Vaihingen",
"denn's Biomarkt","Johannes-Daur-str. 18","70825","Korntal-Münchingen",
"denn's Biomarkt","Hegaustr. 21","78315","Radolfzell",
"denn's Biomarkt","Mercedesstr. 7b","71063","Sindelfingen",
"denn's Biomarkt","Rudolf-Diesel-str. 11","78532","Tuttlingen",
"denn's Biomarkt","Gottlieb-Daimler-Str. 9","74076","Heilbronn",
"denn's Biomarkt","Erzbergerstr. 1","78224","Singen",
"denn's Biomarkt","Hermann-Bauer-str. 5","74336","Brackenheim",
"denn's Biomarkt","Schillerstr. 13","72202","Nagold",
"denn's Biomarkt","Goethestr. 15","75417","Mühlacker",
"denn's Biomarkt","Zwingenburgstr. 2","74821","Mosbach",
"denn's Biomarkt","Carl-Friedrich-Benz-str. 3","78073","Bad Dürrheim",
"denn's Biomarkt","Am Mühlkanal 1","75172","Pforzheim",
"denn's Biomarkt","Stuttgarter str. 1","75179","Pforzheim",
"denn's Biomarkt","Sporgasse 10 - 12","75015","Bretten",
"denn's Biomarkt","Kaiserallee 13b","76133","Karlsruhe",
"denn's Biomarkt","Durmersheimerstr. 143","76189","Karlsruhe",
"denn's Biomarkt","Karlsruher str. 11","76437","Rastatt",
"denn's Biomarkt","Im Götzmann 9","77933","Lahr",
"denn's Biomarkt","Breisacher str. 151","79110","Freiburg",
"denn's Biomarkt","Feilitzschstr. 7-9","80802","München",
"denn's Biomarkt","Seidlstr. 5, Ecke Marsstr. 25","80335","München",
"denn's Biomarkt","Giesinger Bahnhofplatz 2","81539","München",
"denn's Biomarkt","Grünwalderstr. 190","81545","München",
"denn's Biomarkt","Kreillerstr. 211","81825","München",
"denn's Biomarkt","Bunzlauer Platz 7","80992","München",
"denn's Biomarkt","Verdistr. 130","81247","München",
"denn's Biomarkt","Wasserburger Landstr. 214","81825","München",
"denn's Biomarkt","Putzbrunner str. 26","85521","Ottobrunn",
"denn's Biomarkt","Osterfeldstr. 43","85737","Ismaning",
"denn's Biomarkt","Zusestr. 5","85649","Brunnthal",
"denn's Biomarkt","Alte Römer str. 1","85221","Dachau",
"denn's Biomarkt","Bezirksstr. 7","85716","Unterschleißheim",
"denn's Biomarkt","Augsburgerstr. 15","82194","Gröbenzell",
"denn's Biomarkt","Hauptplatz 5 / Grubmühlerfeldstraße","82131","Gauting",
"denn's Biomarkt","Königsdorfer str. 33","82515","Wolfratshausen",
"denn's Biomarkt","Anton-Huber-str. 4","85435","Erding",
"Denn's Biomarkt","Am Wasserturm 2","85435","Erding",
"denn's Biomarkt","Landshuter str. 30","85356","Freising",
"denn's Biomarkt","Sudetenstr. 29c","82538","Geretsried",
"Denn's Biomarkt","Bunsenweg 3","82538","Geretsried",
"denn's Biomarkt","Westendstr. 4a","83043","Bad Aibling",
"denn's Biomarkt","Mangfallstr. 35/37","83026","Rosenheim",
"denn's Biomarkt","Friedberger str. 165","86163","Augsburg",
"denn's Biomarkt","Bürgermeister-Götz-Str. 18a","86529","Schrobenhausen",
"denn's Biomarkt","Kufsteiner Str. 81","83026","Rosenheim",
"denn's Biomarkt","Germanenstr. 14","86343","Königsbrunn",
"denn's Biomarkt","Oberbürgermeister-Hohner-straße1a","86153","Augsburg",
"denn's Biomarkt","Benzstr. 13","86391","Stadtbergen",
"denn's Biomarkt","Hochriesstr. 47 b","83209","Prien",
"denn's Biomarkt","Längenmühlweg 30","86633","Neuburg/Donau",
"denn's Biomarkt","Alte Weberei 3","87600","Kaufbeuren",
"denn's Biomarkt","Von-Brug-str. 13","82467","Garmisch-Partenkirchen",
"denn's Biomarkt","Geschw.-Scholl-str. 1c","89312","Günzburg",
"denn's Biomarkt","Bahnhofstr. 23/ Ecke Luitpoldstraße","87700","Memmingen",
"denn's Biomarkt","Bahnhofstr. 1","89231","Neu-Ulm",
"denn's Biomarkt","Wilhelmstr. 160","89518","Heidenheim",
"denn's Biomarkt","Pfisterstr. 69","89584","Ehingen",
"denn's Biomarkt","Jahnstr. 5","88214","Ravensburg",
"denn's Biomarkt","Pommernstr. 17","93073","Neutraubling",
"denn's Biomarkt","Kumpfmühler str. 8","93047","Regensburg",
"denn's Biomarkt","Landshuter str. 135/143","94315","Straubing",
"denn's Biomarkt","Regensburger str. 65","92421","Schwandorf",
"Denn's Biomarkt","Am Falbenholzweg 15-17","91126","Schwabach",
"denn's Biomarkt","Bürgermeister-Zimmermann-str. 1","93413","Cham",
"denn's Biomarkt","Regensburger str. 70","94036","Passau",
"denn's Biomarkt","Schönauerweg 2","94036","Passau",
"denn's Biomarkt","Allersberger str. 100","90461","Nürnberg",
"denn's Biomarkt","Rettistr. 3","91522","Ansbach",
"denn's Biomarkt","Äußere Cramer-Klett-str. 21","90489","Nürnberg",
"denn's Biomarkt","Äußere-Sulzbacher-str. 124a","90491","Nürnberg",
"denn's Biomarkt","Hans-Vogel-Str. 54","90765","Fürth",
"denn's Biomarkt","Paul-Gossen-Str. 69","91052","Erlangen",
"Denn's Biomarkt","Karl - Zucker Str. 12","91052","Erlangen",
"denn's Biomarkt","Einsteinstr. 2","91074","Herzogenaurach",
"denn's Biomarkt","Seltsamplatz 19/21","91301","Forchheim",
"denn's Biomarkt","Obere Königstr. 20","96052","Bamberg",
"denn's Biomarkt","Bernecker str. 39","95448","Bayreuth",
"denn's Biomarkt","Emil-Kemmer-Str. 7","96103","Hallstadt",
"denn's Biomarkt","Juliuspromenade 64","97070","Würzburg",
"denn's Biomarkt","Kulmbacherstr. 32","96317","Kronach",
"denn's Biomarkt","Callenberger Str. 16 a","96450","Coburg",
"denn's Biomarkt","Wunsiedlerstr. 7","95032","Hof",
"denn's Biomarkt","Hofer str. 12","95183","Töpen",
"denn's Biomarkt","Heiligenfelder Allee 8","97688","Bad Kissingen",
"denn's Biomarkt","Damaschkestr. 1","99425","Weimar",
"Denn's Biomarkt","Rießnerstr. 29","99427","Weimar",
"denn's Biomarkt","Anger 1","99084","Erfurt-Altstadt",
"denn's Biomarkt","Altstadtstr. 11","99817","Eisenach",
"Bio Company Königsbrücker Straße","Königsbrücker Str. 34","01099","Dresden",
"Bio Company Tolkewitzer Straße","Tolkewitzer Str. 8-10","01277","Dresden",
"Bio Company Babelsberger Straße Im Hauptbahnhof","Babelsberger Str. 16","14473","Potsdam",
"Bio Company Gutenbergstraße","Gutenbergstr. 20-22","14467","Potsdam",
"Bio Company Schiffbauergasse","Schiffbauergasse 4B","14467","Potsdam",
"Bio Company Nedlitzer Straße","Nedlitzer Str. 19","14469","Potsdam Nord",
"Bio Company Förster-Funke-Allee","Förster-Funke-Allee 103","14532","Kleinmachnow",
"Bio Company Wiesenschlag","Wiesenschlag 4","14129","Berlin",
"Bio Company Teltower Damm","Teltower Damm 13","14169","Berlin",
"Bio Company Kladower Damm","Kladower Damm 362-364","14089","Berlin",
"Bio Company Ferdinandstraße","Ferdinandstr. 31-35","12209","Berlin",
"Bio Company Tempelhofer Damm","Tempelhofer Damm 227","12099","Berlin-Tempelhof",
"Bio Company Bundesallee","Bundesallee 88","12161","Berlin",
"Bio Company Rüdesheimer Straße","Rüdesheimer Str. 3","14197","Berlin",
"Bio Company Fehrbelliner Platz Bistro","Fehrbelliner Platz 5","10707","Berlin",
"Bio Company Babelsberger Straße","Babelsberger Str. 52","10715","Berlin",
"Bio Company Hauptstraße","Hauptstr. 31/32","10827","Berlin",
"Bio Company Hermannstraße","Hermannstr. 199","12049","Berlin",
"Bio Company Karl-Marx-Straße","Karl-Marx-Straße 142 a","12043","Berlin",
"Bio Company Uhlandstraße","Uhlandstr. 41","10719","Berlin",
"Bio Company Friesenstraße","Friesenstr. 1","10965","Berlin",
"Bio Company Bölschestraße","Bölschestr. 2","12587","Berlin",
"Bio Company Martin Luther Straße","Martin-Luther-Str. 14","10777","Berlin",
"Bio Company Wilmersdorfer Straße","Wilmersdorfer Str. 107","10629","Berlin",
"Bio Company Sonnenallee","Sonnenallee 60","12045","Berlin",
"Bio Company Reichsstraße","Reichsstr. 10","14052","Berlin",
"Bio Company Hasenheide","Hasenheide 32-38","10967","Berlin",
"Bio Company Kottbusser Damm","Kottbusser Damm 91/92","10967","Berlin",
"Bio Company Klosterstraße","Klosterstr. 34","13581","Berlin",
"Bio Company Neufertstraße","Neufertstr. 19-21","14059","Berlin",
"Bio Company Skalitzer Straße","Skalitzer Str. 127","10999","Berlin",
"Bio Company Skalitzer Straße Am Schlesischen Tor","Skalitzer Str. 71-72","10997","Berlin",
"Bio Company Turmstraße","Turmstraße 42","10551","Berlin",
"Bio Company Boxhagener Straße","Boxhagener Str. 73","10245","Berlin",
"Bio Company Friedrichstraße","Friedrichstr. 136","10117","Berlin",
"Bio Company Dircksenstraße","Dircksenstr. 145-147","10178","Berlin",
"Bio Company Chausseestraße","Chausseestr. 19","10115","Berlin",
"Bio Company Voigtstraße","Voigtstr. 38","10247","Berlin",
"Bio Company Brunnenstraße","Brunnenstr. 6-7","10119","Berlin",
"Bio Company Biesdorf Center","Weißenhöher Str. 108","12683","Berlin-Biesdorf",
"Bio Company Greifswalder Straße","Greifswalder Str. 212","10405","Berlin",
"Bio Company Müllerstraße","Müllerstr. 141","13353","Berlin-Wedding",
"Bio Company Prenzlauer Allee","Prenzlauer Allee 180","10405","Berlin",
"Bio Company Gleimstraße","Gleimstr. 30-35","10437","Berlin",
"Bio Company Berliner Allee (Antonplatz)","Berliner Allee 24-26","13088","Berlin",
"Bio Company Breite Straße","Breite Str. 20","13187","Berlin",
"Bio Company Heinsestraße","Heinsestr. 28","13467","Berlin",
"Bio Company Oranienburger Chaussee","Oranienburger Chaussee 21","16548","Glienicke/Nordbahn",
"Bio Company Lange Reihe","Lange Reihe 29","20099","Hamburg-Mitte",
"Bio Company Neuer Kamp","Neuer Kamp 31","20359","Hamburg-St. Pauli",
"Bio Company Stresemannstraße","Stresemannstr. 62","22769","Hamburg",
"Naturgut","Adlerstr. 6 - Alte Feuerwache","73728","Esslingen",
"Naturgut","Marktgasse 5","71332","Waiblingen",
"Naturgut","Kirchheimer str. 71","70619","Stuttgart",
"Naturgut","Bernhäuser str. 14","70771","Leinfelden-Echterdingen",
"Naturgut","Gablenberger Hauptstr. 29","70186","Stuttgart",
"Naturgut","Löwenstr. 39","70597","Stuttgart",
"Naturgut","Marienplatz 1","70178","Stuttgart",
"Naturgut","Vaihinger str. 80","70567","Stuttgart-Möhringen",
"Naturgut","Senefelderstr. 109","70176","Stuttgart",
"Naturgut","Pforzheimer str. (Beim Löwenmarkt) 357","70499","Stuttgart",
"VITALIA","Willy-Brandt-Platz 5","04109","Leipzig-Zentrum-Ost",
"VITALIA","Babelsberger Str. 16","14473","Potsdam",
"VITALIA","Johannisthaler Chaussee 295","12351","Berlin",
"VITALIA","Schlossstr. 34-36","12163","Berlin",
"VITALIA","Walther-Schreiber-Platz 1","12161","Berlin",
"VITALIA","Rüdesheimer Str. 2","14197","Berlin",
"VITALIA","Kaiser-Wilhelm-Pl. 1-2","10827","Berlin",
"VITALIA","Ludwigkirchstr. 3","10719","Berlin",
"VITALIA","Anzengruberstr. 2","12043","Berlin",
"VITALIA","Bahnhofstr. 33-38","12555","Berlin",
"VITALIA","Wilmersdorferstr. 46","10627","Berlin",
"VITALIA","Kottbusser Damm 99","10967","Berlin",
"VITALIA","Friedrichstr. 141","10117","Berlin",
"VITALIA","Dircksenstr. 2","10178","Berlin-Mitte",
"VITALIA","Frankfurter Allee 113 (Ringcenter)","10365","Berlin",
"VITALIA","Badstr. 4","13357","Berlin-Gesundbrunnen",
"VITALIA","Schönhauser Allee 78-80","10437","Berlin",
"VITALIA","Schönhauser Allee 78-80","10439","Berlin",
"VITALIA","Marzahner Promenade 1a Eastgate","12679","Berlin",
"VITALIA","Marienplatz 5-7","19053","Schwerin-Altstadt",
"VITALIA","Marktplatz 2","17033","Neubrandenburg-Innenstadt",
"VITALIA","Berliner Freiheit 3d","28327","Bremen",
"VITALIA","Rabanusstr. 14-16","36037","Fulda",
"VITALIA","Wilhelmstr. 78","72764","Reutlingen",
"VITALIA","Alteburgstr. 47","72764","Reutlingen",
"VITALIA","Steinachstr. 16","72770","Reutlingen - Betzingen",
"VITALIA","Kirchheimer Str. 50","70619","Stuttgart",
"VITALIA","Kirchheimer Str. 50","70173","Stuttgart",
"VITALIA","Grabenstr. 2","72116","Mössingen",
"VITALIA","Hirschstr. 18","70173","Stuttgart",
"VITALIA","Klett-Passage 14+15","70173","Stuttgart",
"VITALIA","Mailänder Platz 7","70173","Stuttgart, Milaneo",
"VITALIA","Kornhausstr. 19","72070","Tübingen",
"VITALIA","Schwabenplatz 1","70563","Stuttgart-Vaihingen",
"VITALIA","Tilsiter Str. 15","71065","Sindelfingen",
"VITALIA","Heinkelstr. 1-11","71634","Ludwigsburg-Eglosheim",
"VITALIA","Obere Str. 8","78050","Villingen-Schwenningen",
"VITALIA","Leopoldstr. 17","76275","Ettlingen",
"VITALIA","Schwarzwaldstr. 78","79117","Freiburg im Breisgau",
"VITALIA","Oberlinden 2","79098","Freiburg",
"VITALIA","Rosental 9","80331","München",
"VITALIA","Karlsplatz UG","80335","München",
"VITALIA","Schützenstr. 8","80335","München",
"VITALIA","Hohenzollernstr. 26","80801","München",
"VITALIA","Hohenzollernstr. 88","80796","München",
"VITALIA","Lindwurmstr. 12","80337","München",
"VITALIA","Humboldtsraße 42","81543","München",
"VITALIA","Tegernseer Landstr. 22","81541","München",
"VITALIA","Winthirstr. 10","80639","München",
"VITALIA","Grünwalder Str. 14","81547","München",
"VITALIA","Thalkirchner str. 137","81371","München",
"VITALIA","Hanauer Str. 68","80993","München",
"VITALIA","Bunzlauer Str. 11","80992","München",
"VITALIA","Thomas-Dehler-Str. 12","81737","Muenchen",
"VITALIA","Joergstr. 1","80689","München",
"VITALIA","Am Willy-Brandt-Platz 5","81829","München",
"VITALIA","Winterthurer Str. 2","81476","München",
"VITALIA","Kästlenstr. 32","81827","München",
"VITALIA","Engadiner Str. 2","81475","München",
"VITALIA","Unterhachinger Str. 28","85521","Ottobrunn",
"VITALIA","Leibstr. 1","85540","Haar",
"VITALIA","Rathausstr. 1","82031","Grünwald",
"VITALIA","Streiflacher Str. 1","82110","Germering",
"VITALIA","Untere Bahnhofstr. 51","82110","Germering",
"VITALIA","Maximilianstr. 19","82319","Starnberg",
"VITALIA","Bahnhofstr. 25","82515","Wolfratshausen",
"VITALIA","Johann-Auer-Str. 4","85435","Erding",
"VITALIA","Obere Hauptstr. 43","85354","Freising",
"VITALIA","Mühlfelder Str. 8-10","82211","Herrsching",
"VITALIA","Lenggrieser Str. 33","83646","Bad Tölz",
"VITALIA","Bahnhofstr. 9","83043","Bad Aibling",
"VITALIA","Rosenheimer Str. 5","83043","Bad Aibling",
"VITALIA","Ludwig-März-Str. 2","82377","Penzberg",
"VITALIA","Pöltnerstr. 14","82362","Weilheim",
"VITALIA","Seestr. 11","83684","Tegernsee",
"VITALIA","Prinzregentenstr. 6-8","83022","Rosenheim",
"VITALIA","Maximilianstr. 14","86150","Augsburg",
"VITALIA","Bürgermeister-Fischer-Str. 9","86150","AUGSBURG",
"VITALIA","Augsburger str. 9 1/5","86157","Augsburg",
"VITALIA","Obermarkt 9","82418","Murnau",
"VITALIA","Georg-Odemer-str. 2b","86356","Neusäß",
"VITALIA","Am Westpark 6","85057","Ingolstadt",
"VITALIA","Bahnhofstr. 16","82467","Garmisch-Partenkirchen",
"VITALIA","Simbacher Str. 30b","84524","Neuötting",
"VITALIA","Kaiser-Karl-Str. 3","86609","Donauwörth",
"VITALIA","Marktplatz 7","89312","Günzburg",
"VITALIA","Industriestr. 6","83395","Freilassing",
"VITALIA","Dammstr. 1","92318","Neumarkt",
"VITALIA","Hans-Krämer-Str. 24","94469","Deggendorf",
"VITALIA","Glogauer Str. 30-38","90473","Nürnberg",
"VITALIA","Bahnhofstr. 1","94032","Passau",
"VITALIA","Breite Gasse 21-23","90402","Nürnberg",
"VITALIA","Äußere Bayreuther Str. 80","90491","Nürnberg",
"VITALIA","Schwabacher Str. 18","90762","Fürth",
"VITALIA","Marktplatz 16","97070","Würzburg",
"basic","Breisgauer Str. 17","14129","Berlin",
"basic","Bundesallee 104105","12161","Berlin",
"basic","Osterstr. 112","20259","Hamburg",
"basic","Kampstr. 102","44137","Dortmund",
"basic","Friedrichstr. 73","40217","Düsseldorf",
"basic","Kettwiger Str. 64","45127","Essen",
"basic","Gangolfstr. 24","53111","Bonn",
"basic","Hohenstaufenring 28","50674","Köln",
"basic","Venloer Str. 4753","50672","Köln",
"basic","Theaterplatz 911","52062","Aachen",
"basic","Kurpfalzstr.b 1 3-5","68159","Mannheim",
"basic","B 1, 3-5 (kurpfalzstraße)","68159","Mannheim",
"Basic","Berger Str. 4042","60316","Frankfurt",
"basic","Eckenheimer Landstr. 127","60318","Frankfurt",
"basic","Eckenheimer Landstr. 127","60322","Frankfurt",
"basic","Leipziger Str. 1111c","60486","Frankfurt",
"basic","Leipziger Str. 1111c","60487","Frankfurt",
"basic","Breitscheidstr. 6","70174","Stuttgart",
"basic","Westenriederstr. 35","80331","München",
"basic","Schleißheimer Str. 158162","80797","München",
"basic","Rheinstr. 10","80803","München",
"basic","Rheinstr. 1","80803","München",
"basic","Richard-Strauss-Str. 48","81677","München",
"basic","Nymphenburger Str. 82","80636","München",
"basic","Amalienburgstr. 26","81247","München",
"basic","Grubholzer Str. 2b","83026","Rosenheim",
"basic","Eichleitnerstr. 14","86199","Augsburg",
"Temma","Friedrichstrasse 67-70","10117","Berlin",
"Temma","Sülldorfer Kirchenweg 2 B","22587","Hamburg-Blankenese",
"Temma","Hauptstr. 47","40597","Düsseldorf-Benrath",
"Temma","Schönhauser Str. 64","50968","Köln-Bayenthal",
"Temma","Aachener Str. 21","50674","Köln",
"Temma","Aachener Str. 497","50933","Köln",
"Temma","Riedbergallee 17","60438","Frankfurt-Riedberg",
"Temma","Louisenstr. 26","61348","Bad Homburg",
"ebl-Naturkost","Hauptstr. 15  17","90537","Feucht",
"ebl-Naturkost","Katzwanger Hauptstr. 58  60","90453","Nürnberg",
"ebl-Naturkost","Reichelsdorfer Hauptstr. 171","90453","Nürnberg",
"ebl-Naturkost","Ansbacher Str. 130-132","90449","Nürnberg",
"ebl-Naturkost","Harsdörfferstr. 32  34","90478","Nürnberg",
"ebl-Naturkost","Gostenhofer Hauptstr. 44","90443","Nürnberg",
"ebl-Naturkost","Happurger Str. 132","90482","Nürnberg",
"ebl-Naturkost","Laufamholzstr. 40","90482","Nürnberg",
"ebl-Naturkost","Sulzbacher Str. 77-81","90489","Nürnberg",
"ebl-Naturkost","Rothenburger Str. 22","90513","Zirndorf",
"ebl-Naturkost","Äußere Sulzbacher Str. 121  123","90491","Nürnberg",
"ebl-Naturkost","Am Gewerbepark 2","90552","Röthenbach a.d. Pegnitz",
"ebl-Naturkost","Kaulbachstr. 5","90408","Nürnberg",
"ebl-Naturkost","Kilianstr. 251","90411","Nürnberg",
"ebl-Naturkost","Schwabacher Str. 137","90763","Fürth",
"ebl-Naturkost","Brettergartenstr. 95","90427","Nürnberg",
"ebl-Naturkost","Wilhelmshavener Str. 15","90425","Nürnberg",
"ebl-Naturkost","Am Festplatz 1","90562","Heroldsberg",
"ebl-Naturkost","Allee am Röthelheimpark 11","91052","Erlangen",
"ebl-Naturkost","Bayreuther Str. 9","91301","Forchheim",
"ebl-Naturkost","Würzburger Str. 57b","96049","Bamberg",
"ebl-Naturkost","Magazinstr. 2","96052","Bamberg",
"SuperBioMarkt","Alexanderstr. 94-98","26121","Oldenburg/Oldenburg",
"SuperBioMarkt","Steinstraße 12-14","32052","Herford",
"SuperBioMarkt","Friedrich-Ebert-Str. 42","42103","Wuppertal-Elberfeld",
"SuperBioMarkt","Westfalendamm 285","44141","Dortmund",
"SuperBioMarkt","Harkortstr. 18","44225","Dortmund",
"Superbiomarkt","Harkortstaße 18","44225","Dortmund - Hombruch",
"SuperBioMarkt","Benderstr. 43","40625","Düsseldorf",
"SuperBioMarkt","Aachener Str. 57","40223","Düsseldorf",
"SuperBioMarkt","Nordstr. 82  84","40477","Düsseldorf",
"SuperBioMarkt","Rüttenscheider Str. 76","45130","Essen",
"SuperBioMarkt","Horster Str. 42","45897","Gelsenkirchen-Buer",
"SuperBioMarkt","Lüpertzender Str. 112","41061","Mönchengladbach",
"Superbiomarkt","Hansestraße 81","48165","Münster - Hiltrup",
"SuperBioMarkt","Marktallee 48","48165","Münster",
"SuperBioMarkt","Hammer Str. 126","48153","Münster",
"SuperBioMarkt","Warendorfer Str. 97-101","48145","Münster",
"SuperBioMarkt","Ludgeristr. 100","48143","Münster",
"SuperBioMarkt","Grevener Str. 61 a","48149","Münster",
"SuperBioMarkt","Rüschhausweg 8","48161","Münster",
"SuperBioMarkt","Lengericher Landstr. 34a","49078","Osnabrück",
"SuperBioMarkt","Lotter Str. 75","49078","Osnabrück",
"SuperBioMarkt","Mönkedieckstr. 14","49088","Osnabrück",
"SuperBioMarkt","Hauptstr. 129-131","51465","Bergisch Gladbach",
"Pro Biomarkt","Wilhelmshöher Allee 261","34131","Kassel",
"Pro Biomarkt","Steeler Str. 339343","45138","Essen-Huttrop",
"Pro Biomarkt","Mülheimer Str. 82","46045","Oberhausen",
"Pro Biomarkt","Stapeltor 6","47051","Duisburg",
"Naturgut","Adlerstr. 6 - Alte Feuerwache","73728","Esslingen",
"Naturgut","Marktgasse 5","71332","Waiblingen",
"Naturgut","Kirchheimer str. 71","70619","Stuttgart",
"Naturgut","Bernhäuser str. 14","70771","Leinfelden-Echterdingen",
"Naturgut","Gablenberger Hauptstr. 29","70186","Stuttgart",
"Naturgut","Löwenstr. 39","70597","Stuttgart",
"Naturgut","Marienplatz 1","70178","Stuttgart",
"Naturgut","Vaihinger str. 80","70567","Stuttgart-Möhringen",
"Naturgut","Senefelderstr. 109","70176","Stuttgart",
"Naturgut","Pforzheimer str. (Beim Löwenmarkt) 357","70499","Stuttgart",
